pagina;tempo
Cadastro;6
Cadastro;4
Cadastro;5
Cadastro;10
Cadastro;5
Cadastro;9
Cadastro;9
Cadastro;6
Cadastro;5
Cadastro;2
Cadastro;9
Cadastro;4
Cadastro;2
Cadastro;10
Cadastro;7
Cadastro;2
Cadastro;6
Cadastro;10
Cadastro;6
Cadastro;5
Cadastro;7
Cadastro;4
Cadastro;4
Cadastro;3
Cadastro;4
Cadastro;10
Cadastro;2
Cadastro;2
Cadastro;2
Cadastro;7
Cadastro;7
Cadastro;9
Cadastro;7
Cadastro;8
Cadastro;6
Cadastro;7
Cadastro;8
Cadastro;8
Cadastro;10
Cadastro;5
Cadastro;4
Cadastro;5
Cadastro;1
Cadastro;3
Cadastro;9
Cadastro;3
Cadastro;3
Cadastro;2
Cadastro;3
Cadastro;8
Cadastro;9
Cadastro;5
Cadastro;4
Cadastro;3
Cadastro;2
Cadastro;5
Cadastro;6
Cadastro;3
Cadastro;5
Cadastro;3
Cadastro;6
Cadastro;4
Cadastro;7
Cadastro;4
Cadastro;4
Cadastro;6
Cadastro;8
Cadastro;3
Cadastro;5
Cadastro;3
Cadastro;7
Cadastro;3
Cadastro;9
Cadastro;8
Cadastro;7
Cadastro;7
Cadastro;4
Cadastro;6
Cadastro;9
Cadastro;6
Cadastro;9
Cadastro;4
Cadastro;7
Cadastro;3
Cadastro;6
Cadastro;5
Cadastro;3
Cadastro;6
Cadastro;9
Cadastro;9
Cadastro;3
Cadastro;4
Cadastro;10
Cadastro;7
Cadastro;9
Cadastro;5
Cadastro;5
Cadastro;7
Cadastro;2
Cadastro;6
Cadastro;3
Cadastro;9
Cadastro;6
Cadastro;6
Cadastro;5
Cadastro;9
Cadastro;4
Cadastro;4
Cadastro;3
Cadastro;3
Cadastro;5
Cadastro;3
Cadastro;3
Cadastro;7
Cadastro;1
Cadastro;7
Cadastro;4
Cadastro;5
Cadastro;4
