saidaHome;saidaHome
home;4
home;8
home;5
home;9
home;2
home;1
home;6
home;3
home;6
home;5
home;4
home;5
home;7
home;6
home;2
home;9
home;3
home;1
home;4
home;1
home;9
home;7
home;7
home;1
home;1
home;7
home;6
home;6
home;4
home;2
home;3
home;9
home;7
home;8
home;1
home;5
home;8
home;3
home;4
home;3
home;2
home;5
home;5
home;4
home;2
home;2
home;3
home;5
home;3
home;3
home;1
home;5
home;8
home;2
home;6
home;3
home;2
home;8
home;9
home;4
home;2
home;2
home;2
home;3
home;8
home;5
home;8
home;8
home;8
home;5
home;8
home;2
home;2
home;1
home;5
home;3
home;4
home;1
home;4
home;2
home;3
home;2
home;5
home;1
home;1
home;5
home;1
home;2
home;2
home;3
home;2
home;3
home;4
home;3
home;4
home;3
home;2
home;2
home;5
