Cifra;Silvio Santos;250000;Mooca;30
Banco Teste;Cliente Teste;3000000;Regiao Teste;15
Banco Teste;Cliente Teste;3000000;Regiao Teste;15
Banco Teste;Cliente Teste;3000000;Regiao Teste;15
Banco Teste;Cliente Teste;3000000;Regiao Teste;15
Banco Teste;Cliente Teste;3000000;Regiao Teste;15
Banco Teste;Cliente Teste;3000000;Regiao Teste;15
Banco Teste;Cliente Teste;3000000;Regiao Teste;15
Banco Teste;Cliente Teste;3000000;Regiao Teste;15
Banco Teste;Cliente Teste;3000000;Regiao Teste;15
Banco Teste;Cliente Teste;3000000;Regiao Teste;15
Banco Teste;Cliente Teste;3000000;Regiao Teste;15
Banco Teste;Cliente Teste;3000000;Regiao Teste;15
Banco Teste;Cliente Teste;3000000;Regiao Teste;15
Banco Teste;Cliente Teste;3000000;Regiao Teste;15
Banco Teste;Cliente Teste;3000000;Regiao Teste;15
Banco Teste;Cliente Teste;3000000;Regiao Teste;15
Banco Teste;Cliente Teste;3000000;Regiao Teste;15
Banco Teste;Cliente Teste;3000000;Regiao Teste;15
Banco Teste;Cliente Teste;3000000;Regiao Teste;15
